{
  "hospitalList": [
    {
      "id": "123",
      "name": "Animo Health Care",
      "speciality": "Cardiology",
      "address": "John Woods Bengalauru-560029",
      "country": "India",
      "city": "Bengaluru",
      "mobileNo": "9054151511",
      "emailId": "info@clinic.com",
      "doctorName": "Dr. Shreya Patil",
      "doctorDesgination": "M.B.B.S",
      "expYears": "7",
      "workTimingFrom": "0800",
      "workTimingTo": "2100",
      "geometry": {
        "type": "Point",
        "coordinates": [23.18283, 77.4344799]
      }
    },
    {
      "id": "123",
      "name": "Animo Health Care",
      "speciality": "Radiology",
      "address": "John Woods Punjab-346112",
      "country": "India",
      "city": "Punjab",
      "mobileNo": "9054151511",
      "emailId": "info@clinic.com",
      "doctorName": "Dr. Shreya Patil",
      "doctorDesgination": "M.B.B.S",
      "expYears": "7",
      "workTimingFrom": "0800",
      "workTimingTo": "2100",
      "geometry": {
        "type": "Point",
        "coordinates": [23.18283, 77.4344799]
      }
    },
    {
      "id": "123",
      "name": "SK Health Care",
      "speciality": "Radiology",
      "address": "C.P Mission Punjab-346111",
      "country": "India",
      "city": "Punjab",
      "mobileNo": "9054561522",
      "emailId": "info@clinic.com",
      "doctorName": "Dr. Shashank Patil",
      "doctorDesgination": "M.B.B.S",
      "expYears": "5",
      "workTimingFrom": "0800",
      "workTimingTo": "2100",
      "geometry": {
        "type": "Point",
        "coordinates": [23.28451, 77.53455158]
      }
    },
    {
      "id": "123",
      "name": "Animo Health Care",
      "speciality": "Pediatrics",
      "address": "John Woods Hyderabad-560129",
      "country": "India",
      "city": "Hyderabad",
      "mobileNo": "9054151511",
      "emailId": "info@clinic.com",
      "doctorName": "Dr. Shreya Patil",
      "doctorDesgination": "M.B.B.S",
      "expYears": "7",
      "workTimingFrom": "0800",
      "workTimingTo": "2100",
      "geometry": {
        "type": "Point",
        "coordinates": [23.18283, 77.4344799]
      }
    }
  ]
}
